{
    "__comment": "Based on vscode-cpptools' Extension/package.json gcc rule",
    "problemMatcher": [
        {
            "owner": "gcc-problem-matcher",
            "pattern": [
                {
                    "regexp": "^\\s*(.*):(\\d+):(\\d+):\\s+(?:fatal\\s+)?(warning|error):\\s+(.*)$",
                    "file": 1,
                    "line": 2,
                    "column": 3,
                    "severity": 4,
                    "message": 5
                }
            ]
        }
    ]
}
